nameCn,nameEn,objectTypeName,description,source_url
ASML Holding N.V.,,公司,Official ASML product pages confirm EUV and DUV lithography systems.,https://www.asml.com/products/duv-lithography-systems/twinscan-nxt1980di
Advanced Micro Devices Inc.,,公司,Official company/product sources confirm AMD Instinct GPU accelerator products.,https://www.amd.com/en/products/accelerators/instinct/mi300/mi300x.html
Applied Materials Inc.,,公司,"Official Applied Materials pages confirm semiconductor deposition, etch, CMP and other manufacturing equipment.",https://www.appliedmaterials.com/us/en/product-library/mirra-cmp-200mm.html
Cambricon Technologies Corporation Limited,,公司,Official Cambricon sources confirm MLU370 and Siyuan AI accelerator products.,https://www.cambricon.com/
GigaDevice Semiconductor Inc.,,公司,"Official GigaDevice sources confirm SPI NOR, SPI NAND and DRAM products.",https://www.gigadevice.com.cn/product/flash
"GlobalWafers Co., Ltd.",,公司,Official GlobalWafers pages confirm silicon wafer products.,https://www.sas-globalwafers.com/products/
"Huawei Technologies Co., Ltd.",,公司,Official Huawei sources confirm Ascend/Atlas AI computing products.,https://support.huaweicloud.com/eu/productdesc-ecs/ecs_01_0047.html
Intel Corporation,,公司,Official company/product sources confirm Intel Gaudi AI accelerator products; SEMI WFF also lists Intel capacity/spending.,https://newsroom.intel.com/artificial-intelligence/intel-unveils-industry-leading-glass-substrates
KLA Corporation,,公司,"Official KLA pages confirm process control, inspection and metrology systems.",https://www.kla.com/products/pcb-ic-substrate-manufacturing/direct-imaging-patterning
Lam Research Corporation,,公司,"Official Lam Research pages confirm etch, deposition, strip and clean semiconductor equipment.",https://www.lamresearch.com/product/kiyo-product-family/
Micron Technology Inc.,,公司,"Official Micron sources confirm DDR5, HBM3E, GDDR7 and NAND portfolio; SEMI WFF lists Micron memory capacity.",https://www.micron.com/products/memory/hbm/hbm3e
NVIDIA Corporation,,公司,Official company/product sources confirm NVIDIA data-center GPU and AI accelerator products.,https://www.nvidia.com/en-us/data-center/h100/
"ROHM Co., Ltd.",,公司,"Official ROHM pages confirm SiC MOSFET, SiC Schottky barrier diode and GaN HEMT products.",https://www.rohm.com/products/laser-diodes/red-lasers
SUMCO Corporation,,公司,Official SUMCO pages confirm silicon wafer products.,https://www.sumcosi.com/english/products/lineup.html
Samsung Electronics Co. Ltd.,,公司,"Official Samsung Semiconductor sources confirm DRAM, HBM and NAND/V-NAND products; SEMI WFF lists Samsung memory capacity.",https://semiconductor.samsung.com/dram/hbm/hbm3e/
"Shin-Etsu Chemical Co., Ltd.",,公司,Official Shin-Etsu pages confirm semiconductor-grade silicon wafers and SOI wafers.,https://www.shinetsu.co.jp/en/products/electronics-materials/photoresist/
Texas Instruments Incorporated,,公司,SEMI WFF lists Texas Instruments capacity/spending.,https://www.ti.com/product-category/rf-microwave/rf-transceivers-transmitters-receivers/overview.html
Tokyo Electron Limited,,公司,Official TEL pages confirm wafer probers.,https://www.tel.com/product/lithius.html
"Vishay Intertechnology, Inc.",,公司,Official Vishay pages confirm Schottky rectifiers and TVS protection diodes.,https://www.vishay.com/en/optoelectronics/
"Wolfspeed, Inc.",,公司,Official Wolfspeed pages confirm SiC MOSFET and power products.,https://www.wolfspeed.com/products/materials/silicon-carbide-substrates/
onsemi,,公司,"Official onsemi pages confirm MOSFET, IGBT, SiC, diode and power module products.",https://www.onsemi.com/products/interfaces/high-performance-optocouplers/high-performance-transistor-optocouplers
IQE plc,,公司,SEMI WFF 本地数据中的公司主体：IQE plc。,https://www.iqep.com/products/gan/
Axcelis Technologies Inc.,,公司,Axcelis Technologies Inc. verified as supplier for Axcelis Purion H.,https://www.axcelis.com/products/purion-h-high-current-ion-implantation/
DISCO Corporation,,公司,DISCO Corporation verified as supplier for DISCO DAD3350.,https://www.disco.co.jp/eg/products/dicer/dad3350.html
ASMPT Limited,,公司,ASMPT Limited verified as supplier for ASMPT AD832i.,https://semi.asmpt.com/en/products/icd/da/epoxy-da/ad832i/
"Kulicke and Soffa Industries, Inc.",,公司,"Kulicke and Soffa Industries, Inc. verified as supplier for K&S Ball Bonder.",https://www.kns.com/products-services/ball-bonder
TOWA Corporation,,公司,TOWA Corporation verified as supplier for TOWA Y1E-Series.,https://www.towajapan.co.jp/en/products/molding/y1e/
"Tokyo Ohka Kogyo Co., Ltd.",,公司,"Official source confirms Tokyo Ohka Kogyo Co., Ltd. product portfolio.",https://www.tok.co.jp/eng/products/semiconductor-pre
Merck KGaA,,公司,Official source confirms Merck KGaA product portfolio.,https://www.merckgroup.com/en/expertise/electronics/technologies/specialty-gases.html
Air Liquide S.A.,,公司,Official source confirms Air Liquide S.A. product portfolio.,https://electronics.airliquide.com/specialty-gases
"Entegris, Inc.",,公司,"Official source confirms Entegris, Inc. product portfolio.",https://www.entegris.com/en/home/products/chemistries/specialty-chemicals.html
"DuPont de Nemours, Inc.",,公司,"Official source confirms DuPont de Nemours, Inc. product portfolio.",https://www.dupont.com/electronics-industrial/cmp-slurries.html
"Toppan Photomask Co., Ltd.",,公司,"Official source confirms Toppan Photomask Co., Ltd. product portfolio.",https://www.photomask.com/products/
"Dai Nippon Printing Co., Ltd.",,公司,"Official source confirms Dai Nippon Printing Co., Ltd. product portfolio.",https://www.global.dnp/products/detail/10159334_4126.html
JX Advanced Metals Corporation,,公司,Official source confirms JX Advanced Metals Corporation product portfolio.,https://www.jx-nmm.com/english/products/functional/sputtering_target/
Materion Corporation,,公司,Official source confirms Materion Corporation product portfolio.,https://materion.com/products/thin-film-materials/sputtering-targets
Coherent Corp.,,公司,Official source confirms Coherent Corp. product portfolio.,https://www.coherent.com/materials/silicon-carbide-substrates
Soitec S.A.,,公司,Official source confirms Soitec S.A. product portfolio.,https://www.soitec.com/en/products/gan
Absolics Inc.,,公司,Official source confirms Absolics Inc. product portfolio.,https://absolics.com/
"Mitsubishi Gas Chemical Company, Inc.",,公司,"Official source confirms Mitsubishi Gas Chemical Company, Inc. product portfolio.",https://www.mgc.co.jp/eng/rd/technology/bt.html
"Shinko Electric Industries Co., Ltd.",,公司,"Official source confirms Shinko Electric Industries Co., Ltd. product portfolio.",https://www.shinko.co.jp/english/product/package/substrate/pbga.php
ams OSRAM AG,,公司,Official source confirms ams OSRAM AG product portfolio.,https://ams-osram.com/products/leds
Hamamatsu Photonics K.K.,,公司,Official source confirms Hamamatsu Photonics K.K. product portfolio.,https://www.hamamatsu.com/us/en/product/optical-sensors/photodiodes.html
Diodes Incorporated,,公司,Official source confirms Diodes Incorporated product portfolio.,https://www.diodes.com/part/view/SD05C
"Littelfuse, Inc.",,公司,"Official source confirms Littelfuse, Inc. product portfolio.",https://www.littelfuse.com/products/sidactor-protection-thyristors.aspx
"Analog Devices, Inc.",,公司,"Official source confirms Analog Devices, Inc. product portfolio.",https://www.analog.com/en/product-category/rf-microwave.html
"Advanced Micro Devices, Inc.",,公司,"Official source confirms Advanced Micro Devices, Inc. product portfolio.",https://www.amd.com/en/products/adaptive-socs-and-fpgas/soc/zynq-7000.html
Altera Corporation,,公司,Official source confirms Altera Corporation product portfolio.,https://www.altera.com/fpga
"Marvell Technology, Inc.",,公司,"Official source confirms Marvell Technology, Inc. product portfolio.",https://www.marvell.com/products/custom-asic.html
Broadcom Inc.,,公司,Official source confirms Broadcom Inc. product portfolio.,https://www.broadcom.com/products/custom-silicon
Robert Buerkle GmbH,,公司,Official source confirms Robert Buerkle GmbH product portfolio.,https://www.burkle.tech/us-en/applications/laminators/laminating-and-pressing-lines-for-pcbs
The French Oil Mill Machinery Company,,公司,Official source confirms The French Oil Mill Machinery Company product portfolio.,https://frenchoil.com/products/hydraulic-presses/lamination/pcb/
Schmoll Maschinen GmbH,,公司,Official source confirms Schmoll Maschinen GmbH product portfolio.,https://www.schmoll-maschinen.de/solutions/mechanical-microdrilling/high-end-and-back-drill
Mycronic AB,,公司,Official source confirms Mycronic AB product portfolio.,https://www.mycronic.com/product-areas/bare-board-testing/
