sourceInstance,targetInstance,linkTypeName,sourceObjectType,targetObjectType,linkTypeCategory,source_url
ABLIC Inc. - #B current wafer capacity (SEMI WFF),ABLIC Inc. - #B,晶圆产能统计对象研发中试工厂,晶圆产能,研发中试工厂,统计对象,SEMI_WFF_2026_1Q.xlsx#Company Detail
AIST - TIA-MEMS Line (Building 3D) current wafer capacity (SEMI WFF),AIST - TIA-MEMS Line (Building 3D),晶圆产能统计对象研发中试工厂,晶圆产能,研发中试工厂,统计对象,SEMI_WFF_2026_1Q.xlsx#Company Detail
AIST - TIA-Power Electronics Line (inside AIST-Centra) current wafer capacity (SEMI WFF),AIST - TIA-Power Electronics Line (inside AIST-Centra),晶圆产能统计对象研发中试工厂,晶圆产能,研发中试工厂,统计对象,SEMI_WFF_2026_1Q.xlsx#Company Detail
AIST - Super Clean Room current wafer capacity (SEMI WFF),AIST - Super Clean Room,晶圆产能统计对象研发中试工厂,晶圆产能,研发中试工厂,统计对象,SEMI_WFF_2026_1Q.xlsx#Company Detail
Analog Devices Inc - ADI Catalyst R&D current wafer capacity (SEMI WFF),Analog Devices Inc - ADI Catalyst R&D,晶圆产能统计对象研发中试工厂,晶圆产能,研发中试工厂,统计对象,SEMI_WFF_2026_1Q.xlsx#Company Detail
Angstrem - Fab 2 (Angstrem T) current wafer capacity (SEMI WFF),Angstrem - Fab 2 (Angstrem T),晶圆产能统计对象研发中试工厂,晶圆产能,研发中试工厂,统计对象,SEMI_WFF_2026_1Q.xlsx#Company Detail
Apple Inc. - Aria current wafer capacity (SEMI WFF),Apple Inc. - Aria,晶圆产能统计对象研发中试工厂,晶圆产能,研发中试工厂,统计对象,SEMI_WFF_2026_1Q.xlsx#Company Detail
Apple Inc. - Taiwan Apple LLC (was Qualcomm MEMS Technologies Mirasol) current wafer capacity (SEMI WFF),Apple Inc. - Taiwan Apple LLC (was Qualcomm MEMS Technologies Mirasol),晶圆产能统计对象研发中试工厂,晶圆产能,研发中试工厂,统计对象,SEMI_WFF_2026_1Q.xlsx#Company Detail
Argonne National Laboratory - Center for Nanoscale Materials current wafer capacity (SEMI WFF),Argonne National Laboratory - Center for Nanoscale Materials,晶圆产能统计对象研发中试工厂,晶圆产能,研发中试工厂,统计对象,SEMI_WFF_2026_1Q.xlsx#Company Detail
Army Research Laboratory (ARL) - Army Research Laboratory (ARL) current wafer capacity (SEMI WFF),Army Research Laboratory (ARL) - Army Research Laboratory (ARL),晶圆产能统计对象研发中试工厂,晶圆产能,研发中试工厂,统计对象,SEMI_WFF_2026_1Q.xlsx#Company Detail
A-STAR IME (Institute of Microelectronics) (A*STAR IME) - Cleanroom 1 current wafer capacity (SEMI WFF),A-STAR IME (Institute of Microelectronics) (A*STAR IME) - Cleanroom 1,晶圆产能统计对象研发中试工厂,晶圆产能,研发中试工厂,统计对象,SEMI_WFF_2026_1Q.xlsx#Company Detail
A-STAR IME (Institute of Microelectronics) (A*STAR IME) - Cleanroom 2 (MEMS & Wafer Level Packaging) current wafer capacity (SEMI WFF),A-STAR IME (Institute of Microelectronics) (A*STAR IME) - Cleanroom 2 (MEMS & Wafer Level Packaging),晶圆产能统计对象研发中试工厂,晶圆产能,研发中试工厂,统计对象,SEMI_WFF_2026_1Q.xlsx#Company Detail
A-STAR IME (Institute of Microelectronics) (A*STAR IME) - Open R&D 200mm SiC current wafer capacity (SEMI WFF),A-STAR IME (Institute of Microelectronics) (A*STAR IME) - Open R&D 200mm SiC,晶圆产能统计对象研发中试工厂,晶圆产能,研发中试工厂,统计对象,SEMI_WFF_2026_1Q.xlsx#Company Detail
"Bipolarics, Inc. - N/A current wafer capacity (SEMI WFF)","Bipolarics, Inc. - N/A",晶圆产能统计对象研发中试工厂,晶圆产能,研发中试工厂,统计对象,SEMI_WFF_2026_1Q.xlsx#Company Detail
BRIDG - BRIDG (used also by Skywater) current wafer capacity (SEMI WFF),BRIDG - BRIDG (used also by Skywater),晶圆产能统计对象研发中试工厂,晶圆产能,研发中试工厂,统计对象,SEMI_WFF_2026_1Q.xlsx#Company Detail
Brookhaven National Laboratory (BNL) - Center for Functional Nanomaterials  CFN current wafer capacity (SEMI WFF),Brookhaven National Laboratory (BNL) - Center for Functional Nanomaterials  CFN,晶圆产能统计对象研发中试工厂,晶圆产能,研发中试工厂,统计对象,SEMI_WFF_2026_1Q.xlsx#Company Detail
Calogic Corporation - N/A current wafer capacity (SEMI WFF),Calogic Corporation - N/A,晶圆产能统计对象研发中试工厂,晶圆产能,研发中试工厂,统计对象,SEMI_WFF_2026_1Q.xlsx#Company Detail
Canadian Photonics Fabrication Centre (CPFC) - CPFC current wafer capacity (SEMI WFF),Canadian Photonics Fabrication Centre (CPFC) - CPFC,晶圆产能统计对象研发中试工厂,晶圆产能,研发中试工厂,统计对象,SEMI_WFF_2026_1Q.xlsx#Company Detail
Canon - Hiratsuka R&D current wafer capacity (SEMI WFF),Canon - Hiratsuka R&D,晶圆产能统计对象研发中试工厂,晶圆产能,研发中试工厂,统计对象,SEMI_WFF_2026_1Q.xlsx#Company Detail
Canon - Kawasaki works current wafer capacity (SEMI WFF),Canon - Kawasaki works,晶圆产能统计对象研发中试工厂,晶圆产能,研发中试工厂,统计对象,SEMI_WFF_2026_1Q.xlsx#Company Detail
Canon - Kawasaki new 12inch R&D Fab current wafer capacity (SEMI WFF),Canon - Kawasaki new 12inch R&D Fab,晶圆产能统计对象研发中试工厂,晶圆产能,研发中试工厂,统计对象,SEMI_WFF_2026_1Q.xlsx#Company Detail
Central Vocational Training Center (CVTC) - Fab 1 current wafer capacity (SEMI WFF),Central Vocational Training Center (CVTC) - Fab 1,晶圆产能统计对象研发中试工厂,晶圆产能,研发中试工厂,统计对象,SEMI_WFF_2026_1Q.xlsx#Company Detail
China Electronics Technology Group Corporation (CETC) - 13th Research Institute current wafer capacity (SEMI WFF),China Electronics Technology Group Corporation (CETC) - 13th Research Institute,晶圆产能统计对象研发中试工厂,晶圆产能,研发中试工厂,统计对象,SEMI_WFF_2026_1Q.xlsx#Company Detail
CrayoNano AS - CrayoNano current wafer capacity (SEMI WFF),CrayoNano AS - CrayoNano,晶圆产能统计对象研发中试工厂,晶圆产能,研发中试工厂,统计对象,SEMI_WFF_2026_1Q.xlsx#Company Detail
Denso Corporation - Denso Research current wafer capacity (SEMI WFF),Denso Corporation - Denso Research,晶圆产能统计对象研发中试工厂,晶圆产能,研发中试工厂,统计对象,SEMI_WFF_2026_1Q.xlsx#Company Detail
ERSO - N/A current wafer capacity (SEMI WFF),ERSO - N/A,晶圆产能统计对象研发中试工厂,晶圆产能,研发中试工厂,统计对象,SEMI_WFF_2026_1Q.xlsx#Company Detail
ETRI - Compound/R&D current wafer capacity (SEMI WFF),ETRI - Compound/R&D,晶圆产能统计对象研发中试工厂,晶圆产能,研发中试工厂,统计对象,SEMI_WFF_2026_1Q.xlsx#Company Detail
Ferdinand-Braun-Institut fur Hochfrequenztechnik - FBH current wafer capacity (SEMI WFF),Ferdinand-Braun-Institut fur Hochfrequenztechnik - FBH,晶圆产能统计对象研发中试工厂,晶圆产能,研发中试工厂,统计对象,SEMI_WFF_2026_1Q.xlsx#Company Detail
FLCT Communication Technology - Fab 1 (Pilot and R&D) current wafer capacity (SEMI WFF),FLCT Communication Technology - Fab 1 (Pilot and R&D),晶圆产能统计对象研发中试工厂,晶圆产能,研发中试工厂,统计对象,SEMI_WFF_2026_1Q.xlsx#Company Detail
Fluke Corporation - N/A current wafer capacity (SEMI WFF),Fluke Corporation - N/A,晶圆产能统计对象研发中试工厂,晶圆产能,研发中试工厂,统计对象,SEMI_WFF_2026_1Q.xlsx#Company Detail
Fraunhofer FEP/COMEDD - OLED ORR (Building 3) Fraunhofer current wafer capacity (SEMI WFF),Fraunhofer FEP/COMEDD - OLED ORR (Building 3) Fraunhofer,晶圆产能统计对象研发中试工厂,晶圆产能,研发中试工厂,统计对象,SEMI_WFF_2026_1Q.xlsx#Company Detail
Fraunhofer Institute for Applied Solid State Physics IAF - GaAs/GaN lab Fraunhofer current wafer capacity (SEMI WFF),Fraunhofer Institute for Applied Solid State Physics IAF - GaAs/GaN lab Fraunhofer,晶圆产能统计对象研发中试工厂,晶圆产能,研发中试工厂,统计对象,SEMI_WFF_2026_1Q.xlsx#Company Detail
Fraunhofer Institute for Integrated Systems and Device Technology - LEB Fraunhofer current wafer capacity (SEMI WFF),Fraunhofer Institute for Integrated Systems and Device Technology - LEB Fraunhofer,晶圆产能统计对象研发中试工厂,晶圆产能,研发中试工厂,统计对象,SEMI_WFF_2026_1Q.xlsx#Company Detail
Fraunhofer Institute for Microelectronic Circuits and Systems - CMOS Factory Fraunhofer current wafer capacity (SEMI WFF),Fraunhofer Institute for Microelectronic Circuits and Systems - CMOS Factory Fraunhofer,晶圆产能统计对象研发中试工厂,晶圆产能,研发中试工厂,统计对象,SEMI_WFF_2026_1Q.xlsx#Company Detail
Fraunhofer Institute for Microelectronic Circuits and Systems - MST Lab: Microsystems Technology Lab&Fab Fraunhofer current wafer capacity (SEMI WFF),Fraunhofer Institute for Microelectronic Circuits and Systems - MST Lab: Microsystems Technology Lab&Fab Fraunhofer,晶圆产能统计对象研发中试工厂,晶圆产能,研发中试工厂,统计对象,SEMI_WFF_2026_1Q.xlsx#Company Detail
Fraunhofer Institute for Photonic Microsystems IPMS - Center Nanoelectronics Technologies (CNT) current wafer capacity (SEMI WFF),Fraunhofer Institute for Photonic Microsystems IPMS - Center Nanoelectronics Technologies (CNT),晶圆产能统计对象研发中试工厂,晶圆产能,研发中试工厂,统计对象,SEMI_WFF_2026_1Q.xlsx#Company Detail
Fudan University - School of Microelectronics - IC Process Lab current wafer capacity (SEMI WFF),Fudan University - School of Microelectronics - IC Process Lab,晶圆产能统计对象研发中试工厂,晶圆产能,研发中试工厂,统计对象,SEMI_WFF_2026_1Q.xlsx#Company Detail
Fuji Electric - Development Center current wafer capacity (SEMI WFF),Fuji Electric - Development Center,晶圆产能统计对象研发中试工厂,晶圆产能,研发中试工厂,统计对象,SEMI_WFF_2026_1Q.xlsx#Company Detail
Fujian Sunwise - Sunwise Fab1 (R&D) current wafer capacity (SEMI WFF),Fujian Sunwise - Sunwise Fab1 (R&D),晶圆产能统计对象研发中试工厂,晶圆产能,研发中试工厂,统计对象,SEMI_WFF_2026_1Q.xlsx#Company Detail
GE - Research - Microfabrication (VLSI + PSF) (was VLSI) current wafer capacity (SEMI WFF),GE - Research - Microfabrication (VLSI + PSF) (was VLSI),晶圆产能统计对象研发中试工厂,晶圆产能,研发中试工厂,统计对象,SEMI_WFF_2026_1Q.xlsx#Company Detail
GE - Research - GE Research Microfabrication current wafer capacity (SEMI WFF),GE - Research - GE Research Microfabrication,晶圆产能统计对象研发中试工厂,晶圆产能,研发中试工厂,统计对象,SEMI_WFF_2026_1Q.xlsx#Company Detail
Glo AB - n/a current wafer capacity (SEMI WFF),Glo AB - n/a,晶圆产能统计对象研发中试工厂,晶圆产能,研发中试工厂,统计对象,SEMI_WFF_2026_1Q.xlsx#Company Detail
GTA Semiconductor - SiC Line current wafer capacity (SEMI WFF),GTA Semiconductor - SiC Line,晶圆产能统计对象研发中试工厂,晶圆产能,研发中试工厂,统计对象,SEMI_WFF_2026_1Q.xlsx#Company Detail
GTA Semiconductor - Fab 6 (300mm) current wafer capacity (SEMI WFF),GTA Semiconductor - Fab 6 (300mm),晶圆产能统计对象研发中试工厂,晶圆产能,研发中试工厂,统计对象,SEMI_WFF_2026_1Q.xlsx#Company Detail
Guangdong Institute of Semiconductor Micro-Nano Manufacturing Technology - Fab 1 current wafer capacity (SEMI WFF),Guangdong Institute of Semiconductor Micro-Nano Manufacturing Technology - Fab 1,晶圆产能统计对象研发中试工厂,晶圆产能,研发中试工厂,统计对象,SEMI_WFF_2026_1Q.xlsx#Company Detail
Guanzhou Compound Innovation Center - Guanzhou Compound Innvation Center current wafer capacity (SEMI WFF),Guanzhou Compound Innovation Center - Guanzhou Compound Innvation Center,晶圆产能统计对象研发中试工厂,晶圆产能,研发中试工厂,统计对象,SEMI_WFF_2026_1Q.xlsx#Company Detail
Hitachi Power Device - Rinkai Works current wafer capacity (SEMI WFF),Hitachi Power Device - Rinkai Works,晶圆产能统计对象研发中试工厂,晶圆产能,研发中试工厂,统计对象,SEMI_WFF_2026_1Q.xlsx#Company Detail
Honda - Honda R&D Center current wafer capacity (SEMI WFF),Honda - Honda R&D Center,晶圆产能统计对象研发中试工厂,晶圆产能,研发中试工厂,统计对象,SEMI_WFF_2026_1Q.xlsx#Company Detail
Honeywell Incorporated - 研发 current wafer capacity (SEMI WFF),Honeywell Incorporated - 研发,晶圆产能统计对象研发中试工厂,晶圆产能,研发中试工厂,统计对象,SEMI_WFF_2026_1Q.xlsx#Company Detail
HRL Laboratories - High Speed Circuits Laboratory current wafer capacity (SEMI WFF),HRL Laboratories - High Speed Circuits Laboratory,晶圆产能统计对象研发中试工厂,晶圆产能,研发中试工厂,统计对象,SEMI_WFF_2026_1Q.xlsx#Company Detail
Huawei - Wuhan HiSilicon fab current wafer capacity (SEMI WFF),Huawei - Wuhan HiSilicon fab,晶圆产能统计对象研发中试工厂,晶圆产能,研发中试工厂,统计对象,SEMI_WFF_2026_1Q.xlsx#Company Detail
HYPRES - N/A current wafer capacity (SEMI WFF),HYPRES - N/A,晶圆产能统计对象研发中试工厂,晶圆产能,研发中试工厂,统计对象,SEMI_WFF_2026_1Q.xlsx#Company Detail
IBM Microelectronics - Nanotech Lab Zurich current wafer capacity (SEMI WFF),IBM Microelectronics - Nanotech Lab Zurich,晶圆产能统计对象研发中试工厂,晶圆产能,研发中试工厂,统计对象,SEMI_WFF_2026_1Q.xlsx#Company Detail
IBM Microelectronics - The Watson Research Center current wafer capacity (SEMI WFF),IBM Microelectronics - The Watson Research Center,晶圆产能统计对象研发中试工厂,晶圆产能,研发中试工厂,统计对象,SEMI_WFF_2026_1Q.xlsx#Company Detail
IHP GmbH - IHP Fraunhofer current wafer capacity (SEMI WFF),IHP GmbH - IHP Fraunhofer,晶圆产能统计对象研发中试工厂,晶圆产能,研发中试工厂,统计对象,SEMI_WFF_2026_1Q.xlsx#Company Detail
III-V Lab - Marcoussis lab current wafer capacity (SEMI WFF),III-V Lab - Marcoussis lab,晶圆产能统计对象研发中试工厂,晶圆产能,研发中试工厂,统计对象,SEMI_WFF_2026_1Q.xlsx#Company Detail
III-V Lab - Palaiseau lab current wafer capacity (SEMI WFF),III-V Lab - Palaiseau lab,晶圆产能统计对象研发中试工厂,晶圆产能,研发中试工厂,统计对象,SEMI_WFF_2026_1Q.xlsx#Company Detail
IMEC - 300mm: Fab 3 (was 450mm pilot) current wafer capacity (SEMI WFF),IMEC - 300mm: Fab 3 (was 450mm pilot),晶圆产能统计对象研发中试工厂,晶圆产能,研发中试工厂,统计对象,SEMI_WFF_2026_1Q.xlsx#Company Detail
IMEC - 200mm: Fab 1 (Silicon Pilot Line) current wafer capacity (SEMI WFF),IMEC - 200mm: Fab 1 (Silicon Pilot Line),晶圆产能统计对象研发中试工厂,晶圆产能,研发中试工厂,统计对象,SEMI_WFF_2026_1Q.xlsx#Company Detail
IMEC - 300mm: Fab 2 + Fab 2-300mm extension (Nanoelectronics Lab) current wafer capacity (SEMI WFF),IMEC - 300mm: Fab 2 + Fab 2-300mm extension (Nanoelectronics Lab),晶圆产能统计对象研发中试工厂,晶圆产能,研发中试工厂,统计对象,SEMI_WFF_2026_1Q.xlsx#Company Detail
IMEC - 300mm: Fab 4 (sub-1nm pilot) current wafer capacity (SEMI WFF),IMEC - 300mm: Fab 4 (sub-1nm pilot),晶圆产能统计对象研发中试工厂,晶圆产能,研发中试工厂,统计对象,SEMI_WFF_2026_1Q.xlsx#Company Detail
IMEC - 300mm: Fab 5 (Chip Innovation Centre) current wafer capacity (SEMI WFF),IMEC - 300mm: Fab 5 (Chip Innovation Centre),晶圆产能统计对象研发中试工厂,晶圆产能,研发中试工厂,统计对象,SEMI_WFF_2026_1Q.xlsx#Company Detail
IMEC - 300mm: NanoIC Pilot Line current wafer capacity (SEMI WFF),IMEC - 300mm: NanoIC Pilot Line,晶圆产能统计对象研发中试工厂,晶圆产能,研发中试工厂,统计对象,SEMI_WFF_2026_1Q.xlsx#Company Detail
Infineon - Villach 300mm thin wafer pilot current wafer capacity (SEMI WFF),Infineon - Villach 300mm thin wafer pilot,晶圆产能统计对象研发中试工厂,晶圆产能,研发中试工厂,统计对象,SEMI_WFF_2026_1Q.xlsx#Company Detail
Infineon - Villach Building 17a and 17b (part of Pilot 4.0) current wafer capacity (SEMI WFF),Infineon - Villach Building 17a and 17b (part of Pilot 4.0),晶圆产能统计对象研发中试工厂,晶圆产能,研发中试工厂,统计对象,SEMI_WFF_2026_1Q.xlsx#Company Detail
Infineon - Building 38 - 200mm Line (was Prototype fab with Fraunhofer) current wafer capacity (SEMI WFF),Infineon - Building 38 - 200mm Line (was Prototype fab with Fraunhofer),晶圆产能统计对象研发中试工厂,晶圆产能,研发中试工厂,统计对象,SEMI_WFF_2026_1Q.xlsx#Company Detail
Infineon - Building 47 - 200mm Line (was Screening fab Fraunhofer IPMS) current wafer capacity (SEMI WFF),Infineon - Building 47 - 200mm Line (was Screening fab Fraunhofer IPMS),晶圆产能统计对象研发中试工厂,晶圆产能,研发中试工厂,统计对象,SEMI_WFF_2026_1Q.xlsx#Company Detail
InnoScience Inc. - Zhuhai R&D center current wafer capacity (SEMI WFF),InnoScience Inc. - Zhuhai R&D center,晶圆产能统计对象研发中试工厂,晶圆产能,研发中试工厂,统计对象,SEMI_WFF_2026_1Q.xlsx#Company Detail
Institute of Microelectronics - Chernogolovka current wafer capacity (SEMI WFF),Institute of Microelectronics - Chernogolovka,晶圆产能统计对象研发中试工厂,晶圆产能,研发中试工厂,统计对象,SEMI_WFF_2026_1Q.xlsx#Company Detail
Institute of Microelectronics - Yaroslavl current wafer capacity (SEMI WFF),Institute of Microelectronics - Yaroslavl,晶圆产能统计对象研发中试工厂,晶圆产能,研发中试工厂,统计对象,SEMI_WFF_2026_1Q.xlsx#Company Detail
Institute of Science & Technology - N/A current wafer capacity (SEMI WFF),Institute of Science & Technology - N/A,晶圆产能统计对象研发中试工厂,晶圆产能,研发中试工厂,统计对象,SEMI_WFF_2026_1Q.xlsx#Company Detail
Institute of Semiconductors CAS - Research Center for Semiconductor current wafer capacity (SEMI WFF),Institute of Semiconductors CAS - Research Center for Semiconductor,晶圆产能统计对象研发中试工厂,晶圆产能,研发中试工厂,统计对象,SEMI_WFF_2026_1Q.xlsx#Company Detail
Institute of Semiconductors CAS - Semiconductor Lighting R&D Center current wafer capacity (SEMI WFF),Institute of Semiconductors CAS - Semiconductor Lighting R&D Center,晶圆产能统计对象研发中试工厂,晶圆产能,研发中试工厂,统计对象,SEMI_WFF_2026_1Q.xlsx#Company Detail
Institute of Technology Georgia - Pettit Microelectronics Center current wafer capacity (SEMI WFF),Institute of Technology Georgia - Pettit Microelectronics Center,晶圆产能统计对象研发中试工厂,晶圆产能,研发中试工厂,统计对象,SEMI_WFF_2026_1Q.xlsx#Company Detail
"Integral, Research and Production Corporation - 200mm Pilot current wafer capacity (SEMI WFF)","Integral, Research and Production Corporation - 200mm Pilot",晶圆产能统计对象研发中试工厂,晶圆产能,研发中试工厂,统计对象,SEMI_WFF_2026_1Q.xlsx#Company Detail
Intel - RP1 current wafer capacity (SEMI WFF),Intel - RP1,晶圆产能统计对象研发中试工厂,晶圆产能,研发中试工厂,统计对象,SEMI_WFF_2026_1Q.xlsx#Company Detail
Jiaxing Boncom-Semi - Jiaxing current wafer capacity (SEMI WFF),Jiaxing Boncom-Semi - Jiaxing,晶圆产能统计对象研发中试工厂,晶圆产能,研发中试工厂,统计对象,SEMI_WFF_2026_1Q.xlsx#Company Detail
JiuFengShan Lab (JFS Lab) - JFS Lab 8inch line current wafer capacity (SEMI WFF),JiuFengShan Lab (JFS Lab) - JFS Lab 8inch line,晶圆产能统计对象研发中试工厂,晶圆产能,研发中试工厂,统计对象,SEMI_WFF_2026_1Q.xlsx#Company Detail
JiuFengShan Lab (JFS Lab) - JFS Lab 6inch Line current wafer capacity (SEMI WFF),JiuFengShan Lab (JFS Lab) - JFS Lab 6inch Line,晶圆产能统计对象研发中试工厂,晶圆产能,研发中试工厂,统计对象,SEMI_WFF_2026_1Q.xlsx#Company Detail
JiuFengShan Lab (JFS Lab) - JFS Lab 4inch Line current wafer capacity (SEMI WFF),JiuFengShan Lab (JFS Lab) - JFS Lab 4inch Line,晶圆产能统计对象研发中试工厂,晶圆产能,研发中试工厂,统计对象,SEMI_WFF_2026_1Q.xlsx#Company Detail
Kioxia/WD (was Flash Alliance) - New R&D Center current wafer capacity (SEMI WFF),Kioxia/WD (was Flash Alliance) - New R&D Center,晶圆产能统计对象研发中试工厂,晶圆产能,研发中试工厂,统计对象,SEMI_WFF_2026_1Q.xlsx#Company Detail
Korea National Center for Nanomaterials Technology (NCNT) - NCNT current wafer capacity (SEMI WFF),Korea National Center for Nanomaterials Technology (NCNT) - NCNT,晶圆产能统计对象研发中试工厂,晶圆产能,研发中试工厂,统计对象,SEMI_WFF_2026_1Q.xlsx#Company Detail
Korea National Nanofab Center - NNFC current wafer capacity (SEMI WFF),Korea National Nanofab Center - NNFC,晶圆产能统计对象研发中试工厂,晶圆产能,研发中试工厂,统计对象,SEMI_WFF_2026_1Q.xlsx#Company Detail
Korea Photonics Technology Institute (KOPTI) - Pilot Production Center current wafer capacity (SEMI WFF),Korea Photonics Technology Institute (KOPTI) - Pilot Production Center,晶圆产能统计对象研发中试工厂,晶圆产能,研发中试工厂,统计对象,SEMI_WFF_2026_1Q.xlsx#Company Detail
Lakeside Optoelectronics Technology - R&D Line current wafer capacity (SEMI WFF),Lakeside Optoelectronics Technology - R&D Line,晶圆产能统计对象研发中试工厂,晶圆产能,研发中试工厂,统计对象,SEMI_WFF_2026_1Q.xlsx#Company Detail
Lawrence Livermore Labs - N/A current wafer capacity (SEMI WFF),Lawrence Livermore Labs - N/A,晶圆产能统计对象研发中试工厂,晶圆产能,研发中试工厂,统计对象,SEMI_WFF_2026_1Q.xlsx#Company Detail
LETI - PFP (Plate Forme Photonique) current wafer capacity (SEMI WFF),LETI - PFP (Plate Forme Photonique),晶圆产能统计对象研发中试工厂,晶圆产能,研发中试工厂,统计对象,SEMI_WFF_2026_1Q.xlsx#Company Detail
LETI - 200mm CMOS line Building 41 (Nanotec 200&300) current wafer capacity (SEMI WFF),LETI - 200mm CMOS line Building 41 (Nanotec 200&300),晶圆产能统计对象研发中试工厂,晶圆产能,研发中试工厂,统计对象,SEMI_WFF_2026_1Q.xlsx#Company Detail
LETI - 3D Integration Building 41 (was 300mm CMOS line) current wafer capacity (SEMI WFF),LETI - 3D Integration Building 41 (was 300mm CMOS line),晶圆产能统计对象研发中试工厂,晶圆产能,研发中试工厂,统计对象,SEMI_WFF_2026_1Q.xlsx#Company Detail
LETI - MEMS 200 (Building 52) current wafer capacity (SEMI WFF),LETI - MEMS 200 (Building 52),晶圆产能统计对象研发中试工厂,晶圆产能,研发中试工厂,统计对象,SEMI_WFF_2026_1Q.xlsx#Company Detail
"Lishan Microelectronics - 3"" line current wafer capacity (SEMI WFF)","Lishan Microelectronics - 3"" line",晶圆产能统计对象研发中试工厂,晶圆产能,研发中试工厂,统计对象,SEMI_WFF_2026_1Q.xlsx#Company Detail
Lockheed Martin - N/A current wafer capacity (SEMI WFF),Lockheed Martin - N/A,晶圆产能统计对象研发中试工厂,晶圆产能,研发中试工厂,统计对象,SEMI_WFF_2026_1Q.xlsx#Company Detail
Lockheed Martin - VLSI Line current wafer capacity (SEMI WFF),Lockheed Martin - VLSI Line,晶圆产能统计对象研发中试工厂,晶圆产能,研发中试工厂,统计对象,SEMI_WFF_2026_1Q.xlsx#Company Detail
Lockheed Martin - GaAs Line current wafer capacity (SEMI WFF),Lockheed Martin - GaAs Line,晶圆产能统计对象研发中试工厂,晶圆产能,研发中试工厂,统计对象,SEMI_WFF_2026_1Q.xlsx#Company Detail
MAS (Micro Analog Systems Oy) - N/A current wafer capacity (SEMI WFF),MAS (Micro Analog Systems Oy) - N/A,晶圆产能统计对象研发中试工厂,晶圆产能,研发中试工厂,统计对象,SEMI_WFF_2026_1Q.xlsx#Company Detail
Masdar Institute of Science and Technology - Micro-fabrication laboratory current wafer capacity (SEMI WFF),Masdar Institute of Science and Technology - Micro-fabrication laboratory,晶圆产能统计对象研发中试工厂,晶圆产能,研发中试工厂,统计对象,SEMI_WFF_2026_1Q.xlsx#Company Detail
MEMSRight - MEMS Right current wafer capacity (SEMI WFF),MEMSRight - MEMS Right,晶圆产能统计对象研发中试工厂,晶圆产能,研发中试工厂,统计对象,SEMI_WFF_2026_1Q.xlsx#Company Detail
Microfabrica - EFAB current wafer capacity (SEMI WFF),Microfabrica - EFAB,晶圆产能统计对象研发中试工厂,晶圆产能,研发中试工厂,统计对象,SEMI_WFF_2026_1Q.xlsx#Company Detail
Micron - Fab 4 (Bldg. 51 R&D expansion) current wafer capacity (SEMI WFF),Micron - Fab 4 (Bldg. 51 R&D expansion),晶圆产能统计对象研发中试工厂,晶圆产能,研发中试工厂,统计对象,SEMI_WFF_2026_1Q.xlsx#Company Detail
Micron - Fab 4 (Bldg. 50) current wafer capacity (SEMI WFF),Micron - Fab 4 (Bldg. 50),晶圆产能统计对象研发中试工厂,晶圆产能,研发中试工厂,统计对象,SEMI_WFF_2026_1Q.xlsx#Company Detail
Microwave Monolithics - 研发 current wafer capacity (SEMI WFF),Microwave Monolithics - 研发,晶圆产能统计对象研发中试工厂,晶圆产能,研发中试工厂,统计对象,SEMI_WFF_2026_1Q.xlsx#Company Detail
MiQro Innovation Collaborative Centre (C2MI) - MiQro Innovation Collaborative Centre current wafer capacity (SEMI WFF),MiQro Innovation Collaborative Centre (C2MI) - MiQro Innovation Collaborative Centre,晶圆产能统计对象研发中试工厂,晶圆产能,研发中试工厂,统计对象,SEMI_WFF_2026_1Q.xlsx#Company Detail
Mitsubishi Electric - Power Devices Innovation Center (PI building) current wafer capacity (SEMI WFF),Mitsubishi Electric - Power Devices Innovation Center (PI building),晶圆产能统计对象研发中试工厂,晶圆产能,研发中试工厂,统计对象,SEMI_WFF_2026_1Q.xlsx#Company Detail
Moscow Institute of Physics and Technology  (MIPT) - Device R&D current wafer capacity (SEMI WFF),Moscow Institute of Physics and Technology  (MIPT) - Device R&D,晶圆产能统计对象研发中试工厂,晶圆产能,研发中试工厂,统计对象,SEMI_WFF_2026_1Q.xlsx#Company Detail
Moscow Institute of Physics and Technology  (MIPT) - Litho R&D current wafer capacity (SEMI WFF),Moscow Institute of Physics and Technology  (MIPT) - Litho R&D,晶圆产能统计对象研发中试工厂,晶圆产能,研发中试工厂,统计对象,SEMI_WFF_2026_1Q.xlsx#Company Detail
Moscow Institute of Physics and Technology  (MIPT) - R&D Institute current wafer capacity (SEMI WFF),Moscow Institute of Physics and Technology  (MIPT) - R&D Institute,晶圆产能统计对象研发中试工厂,晶圆产能,研发中试工厂,统计对象,SEMI_WFF_2026_1Q.xlsx#Company Detail
"Murata Manufacturing Company, Ltd. - Yasu Plant current wafer capacity (SEMI WFF)","Murata Manufacturing Company, Ltd. - Yasu Plant",晶圆产能统计对象研发中试工厂,晶圆产能,研发中试工厂,统计对象,SEMI_WFF_2026_1Q.xlsx#Company Detail
Nanjing Gaoxin Semiconductor Corporation (NSMC) - Fab 2 (3rd floor R&D) current wafer capacity (SEMI WFF),Nanjing Gaoxin Semiconductor Corporation (NSMC) - Fab 2 (3rd floor R&D),晶圆产能统计对象研发中试工厂,晶圆产能,研发中试工厂,统计对象,SEMI_WFF_2026_1Q.xlsx#Company Detail
Nanoshift LLC - Emeryville current wafer capacity (SEMI WFF),Nanoshift LLC - Emeryville,晶圆产能统计对象研发中试工厂,晶圆产能,研发中试工厂,统计对象,SEMI_WFF_2026_1Q.xlsx#Company Detail
Nanotech - the UCSB Nanofabrication Facility - Nanotech current wafer capacity (SEMI WFF),Nanotech - the UCSB Nanofabrication Facility - Nanotech,晶圆产能统计对象研发中试工厂,晶圆产能,研发中试工厂,统计对象,SEMI_WFF_2026_1Q.xlsx#Company Detail
Nanya Technology - Nanya Technology R&D Center current wafer capacity (SEMI WFF),Nanya Technology - Nanya Technology R&D Center,晶圆产能统计对象研发中试工厂,晶圆产能,研发中试工厂,统计对象,SEMI_WFF_2026_1Q.xlsx#Company Detail
NASA - Goddard Laboratory - DDL (Detrector Development Lab) current wafer capacity (SEMI WFF),NASA - Goddard Laboratory - DDL (Detrector Development Lab),晶圆产能统计对象研发中试工厂,晶圆产能,研发中试工厂,统计对象,SEMI_WFF_2026_1Q.xlsx#Company Detail
National Institute for Nanotechnology (NINT) - NINT current wafer capacity (SEMI WFF),National Institute for Nanotechnology (NINT) - NINT,晶圆产能统计对象研发中试工厂,晶圆产能,研发中试工厂,统计对象,SEMI_WFF_2026_1Q.xlsx#Company Detail
National Nano Device Laboratories (NDL) - New Nano Fab current wafer capacity (SEMI WFF),National Nano Device Laboratories (NDL) - New Nano Fab,晶圆产能统计对象研发中试工厂,晶圆产能,研发中试工厂,统计对象,SEMI_WFF_2026_1Q.xlsx#Company Detail
National Nano Device Laboratories (NDL) - Nano Fab current wafer capacity (SEMI WFF),National Nano Device Laboratories (NDL) - Nano Fab,晶圆产能统计对象研发中试工厂,晶圆产能,研发中试工厂,统计对象,SEMI_WFF_2026_1Q.xlsx#Company Detail
New Jersey Institute of Technology - N/A current wafer capacity (SEMI WFF),New Jersey Institute of Technology - N/A,晶圆产能统计对象研发中试工厂,晶圆产能,研发中试工厂,统计对象,SEMI_WFF_2026_1Q.xlsx#Company Detail
Nissan ARC Ltd - Nissan Analysis and Research Center current wafer capacity (SEMI WFF),Nissan ARC Ltd - Nissan Analysis and Research Center,晶圆产能统计对象研发中试工厂,晶圆产能,研发中试工厂,统计对象,SEMI_WFF_2026_1Q.xlsx#Company Detail
Nisshinbo - Ikeda (was Ricoh) current wafer capacity (SEMI WFF),Nisshinbo - Ikeda (was Ricoh),晶圆产能统计对象研发中试工厂,晶圆产能,研发中试工厂,统计对象,SEMI_WFF_2026_1Q.xlsx#Company Detail
Norcada Inc. - Fab 1 current wafer capacity (SEMI WFF),Norcada Inc. - Fab 1,晶圆产能统计对象研发中试工厂,晶圆产能,研发中试工厂,统计对象,SEMI_WFF_2026_1Q.xlsx#Company Detail
Northrop Grumman - Manhattan Beach current wafer capacity (SEMI WFF),Northrop Grumman - Manhattan Beach,晶圆产能统计对象研发中试工厂,晶圆产能,研发中试工厂,统计对象,SEMI_WFF_2026_1Q.xlsx#Company Detail
Northrop Grumman - R1 (Redondo Beach) current wafer capacity (SEMI WFF),Northrop Grumman - R1 (Redondo Beach),晶圆产能统计对象研发中试工厂,晶圆产能,研发中试工厂,统计对象,SEMI_WFF_2026_1Q.xlsx#Company Detail
NTT - Nippon Telegraph and Telephone Corp. - Atsugi Labs current wafer capacity (SEMI WFF),NTT - Nippon Telegraph and Telephone Corp. - Atsugi Labs,晶圆产能统计对象研发中试工厂,晶圆产能,研发中试工厂,统计对象,SEMI_WFF_2026_1Q.xlsx#Company Detail
Nuvoton Technology - Techno Center (was Panasonic) current wafer capacity (SEMI WFF),Nuvoton Technology - Techno Center (was Panasonic),晶圆产能统计对象研发中试工厂,晶圆产能,研发中试工厂,统计对象,SEMI_WFF_2026_1Q.xlsx#Company Detail
Ostendo - Carlsbad current wafer capacity (SEMI WFF),Ostendo - Carlsbad,晶圆产能统计对象研发中试工厂,晶圆产能,研发中试工厂,统计对象,SEMI_WFF_2026_1Q.xlsx#Company Detail
Pioneer Micro Technology Corporation - Kofu plant current wafer capacity (SEMI WFF),Pioneer Micro Technology Corporation - Kofu plant,晶圆产能统计对象研发中试工厂,晶圆产能,研发中试工厂,统计对象,SEMI_WFF_2026_1Q.xlsx#Company Detail
Pulsar (Scientific Research Institute) - 6-inch current wafer capacity (SEMI WFF),Pulsar (Scientific Research Institute) - 6-inch,晶圆产能统计对象研发中试工厂,晶圆产能,研发中试工厂,统计对象,SEMI_WFF_2026_1Q.xlsx#Company Detail
"Qorvo Inc. - Design Center (was RF Nitro, then RFMD) current wafer capacity (SEMI WFF)","Qorvo Inc. - Design Center (was RF Nitro, then RFMD)",晶圆产能统计对象研发中试工厂,晶圆产能,研发中试工厂,统计对象,SEMI_WFF_2026_1Q.xlsx#Company Detail
Qorvo Inc. - Bend current wafer capacity (SEMI WFF),Qorvo Inc. - Bend,晶圆产能统计对象研发中试工厂,晶圆产能,研发中试工厂,统计对象,SEMI_WFF_2026_1Q.xlsx#Company Detail
RISE - Electrum Lab (used by Ascatron subsidiary of II-VI) current wafer capacity (SEMI WFF),RISE - Electrum Lab (used by Ascatron subsidiary of II-VI),晶圆产能统计对象研发中试工厂,晶圆产能,研发中试工厂,统计对象,SEMI_WFF_2026_1Q.xlsx#Company Detail
Rohm - LED Research current wafer capacity (SEMI WFF),Rohm - LED Research,晶圆产能统计对象研发中试工厂,晶圆产能,研发中试工厂,统计对象,SEMI_WFF_2026_1Q.xlsx#Company Detail
Rohm - VLSI Research Center current wafer capacity (SEMI WFF),Rohm - VLSI Research Center,晶圆产能统计对象研发中试工厂,晶圆产能,研发中试工厂,统计对象,SEMI_WFF_2026_1Q.xlsx#Company Detail
RTX (former Raytheon Company) - N/A current wafer capacity (SEMI WFF),RTX (former Raytheon Company) - N/A,晶圆产能统计对象研发中试工厂,晶圆产能,研发中试工厂,统计对象,SEMI_WFF_2026_1Q.xlsx#Company Detail
RTX (former Raytheon Company) - Si R&D current wafer capacity (SEMI WFF),RTX (former Raytheon Company) - Si R&D,晶圆产能统计对象研发中试工厂,晶圆产能,研发中试工厂,统计对象,SEMI_WFF_2026_1Q.xlsx#Company Detail
Samsung - San Jose current wafer capacity (SEMI WFF),Samsung - San Jose,晶圆产能统计对象研发中试工厂,晶圆产能,研发中试工厂,统计对象,SEMI_WFF_2026_1Q.xlsx#Company Detail
Samsung - Xian R&D Center current wafer capacity (SEMI WFF),Samsung - Xian R&D Center,晶圆产能统计对象研发中试工厂,晶圆产能,研发中试工厂,统计对象,SEMI_WFF_2026_1Q.xlsx#Company Detail
Samsung - R Square current wafer capacity (SEMI WFF),Samsung - R Square,晶圆产能统计对象研发中试工厂,晶圆产能,研发中试工厂,统计对象,SEMI_WFF_2026_1Q.xlsx#Company Detail
Samsung - NRD Line current wafer capacity (SEMI WFF),Samsung - NRD Line,晶圆产能统计对象研发中试工厂,晶圆产能,研发中试工厂,统计对象,SEMI_WFF_2026_1Q.xlsx#Company Detail
Samsung - Taylor R&D Facility current wafer capacity (SEMI WFF),Samsung - Taylor R&D Facility,晶圆产能统计对象研发中试工厂,晶圆产能,研发中试工厂,统计对象,SEMI_WFF_2026_1Q.xlsx#Company Detail
Samsung - Line 5 (SiC and GaN Line) current wafer capacity (SEMI WFF),Samsung - Line 5 (SiC and GaN Line),晶圆产能统计对象研发中试工厂,晶圆产能,研发中试工厂,统计对象,SEMI_WFF_2026_1Q.xlsx#Company Detail
Sandia National Labs - SiFab (former MDL) current wafer capacity (SEMI WFF),Sandia National Labs - SiFab (former MDL),晶圆产能统计对象研发中试工厂,晶圆产能,研发中试工厂,统计对象,SEMI_WFF_2026_1Q.xlsx#Company Detail
Sandia National Labs - MicroFab current wafer capacity (SEMI WFF),Sandia National Labs - MicroFab,晶圆产能统计对象研发中试工厂,晶圆产能,研发中试工厂,统计对象,SEMI_WFF_2026_1Q.xlsx#Company Detail
"Sanken Electric Co., Ltd. - Semiconductor Technology Center current wafer capacity (SEMI WFF)","Sanken Electric Co., Ltd. - Semiconductor Technology Center",晶圆产能统计对象研发中试工厂,晶圆产能,研发中试工厂,统计对象,SEMI_WFF_2026_1Q.xlsx#Company Detail
Scottish Microelectronics Centre - Scottish Microelectronics Centre current wafer capacity (SEMI WFF),Scottish Microelectronics Centre - Scottish Microelectronics Centre,晶圆产能统计对象研发中试工厂,晶圆产能,研发中试工厂,统计对象,SEMI_WFF_2026_1Q.xlsx#Company Detail
Seagate - Bloomington R&D current wafer capacity (SEMI WFF),Seagate - Bloomington R&D,晶圆产能统计对象研发中试工厂,晶圆产能,研发中试工厂,统计对象,SEMI_WFF_2026_1Q.xlsx#Company Detail
Semiconductor Technology Innovation Center (STIC) - 300mm R&D Fab current wafer capacity (SEMI WFF),Semiconductor Technology Innovation Center (STIC) - 300mm R&D Fab,晶圆产能统计对象研发中试工厂,晶圆产能,研发中试工厂,统计对象,SEMI_WFF_2026_1Q.xlsx#Company Detail
Shanghai Advanced Micro Semiconductors - Fab 1 current wafer capacity (SEMI WFF),Shanghai Advanced Micro Semiconductors - Fab 1,晶圆产能统计对象研发中试工厂,晶圆产能,研发中试工厂,统计对象,SEMI_WFF_2026_1Q.xlsx#Company Detail
Shanghai IC R&D Center (ICRD) - ICRD (ICRD Phase 1) current wafer capacity (SEMI WFF),Shanghai IC R&D Center (ICRD) - ICRD (ICRD Phase 1),晶圆产能统计对象研发中试工厂,晶圆产能,研发中试工厂,统计对象,SEMI_WFF_2026_1Q.xlsx#Company Detail
Shanghai IC R&D Center (ICRD) - Shanghai IC Equipment & Material Innovation center (ICRD Phase 2) current wafer capacity (SEMI WFF),Shanghai IC R&D Center (ICRD) - Shanghai IC Equipment & Material Innovation center (ICRD Phase 2),晶圆产能统计对象研发中试工厂,晶圆产能,研发中试工厂,统计对象,SEMI_WFF_2026_1Q.xlsx#Company Detail
Shanghai Industrial Technology Institute (SITRI) - 1st floor Silicon Photonics current wafer capacity (SEMI WFF),Shanghai Industrial Technology Institute (SITRI) - 1st floor Silicon Photonics,晶圆产能统计对象研发中试工厂,晶圆产能,研发中试工厂,统计对象,SEMI_WFF_2026_1Q.xlsx#Company Detail
Shanghai Institute of Microsystem and Information Technology (SIMIT) - SIMIT Lab for Transducer Development current wafer capacity (SEMI WFF),Shanghai Institute of Microsystem and Information Technology (SIMIT) - SIMIT Lab for Transducer Development,晶圆产能统计对象研发中试工厂,晶圆产能,研发中试工厂,统计对象,SEMI_WFF_2026_1Q.xlsx#Company Detail
Sharp - Tenri Development Center current wafer capacity (SEMI WFF),Sharp - Tenri Development Center,晶圆产能统计对象研发中试工厂,晶圆产能,研发中试工厂,统计对象,SEMI_WFF_2026_1Q.xlsx#Company Detail
Shenzhen Sitan Technology - Shenzhen Pilot line current wafer capacity (SEMI WFF),Shenzhen Sitan Technology - Shenzhen Pilot line,晶圆产能统计对象研发中试工厂,晶圆产能,研发中试工厂,统计对象,SEMI_WFF_2026_1Q.xlsx#Company Detail
"Shindengen Electric Manufacturing Co., Ltd. - Hanno #1 & 2 current wafer capacity (SEMI WFF)","Shindengen Electric Manufacturing Co., Ltd. - Hanno #1 & 2",晶圆产能统计对象研发中试工厂,晶圆产能,研发中试工厂,统计对象,SEMI_WFF_2026_1Q.xlsx#Company Detail
Sony - ULSI (Atsugi Technology Center) current wafer capacity (SEMI WFF),Sony - ULSI (Atsugi Technology Center),晶圆产能统计对象研发中试工厂,晶圆产能,研发中试工厂,统计对象,SEMI_WFF_2026_1Q.xlsx#Company Detail
Spectro Labs - N/A current wafer capacity (SEMI WFF),Spectro Labs - N/A,晶圆产能统计对象研发中试工厂,晶圆产能,研发中试工厂,统计对象,SEMI_WFF_2026_1Q.xlsx#Company Detail
SRI International - SRI - Princeton current wafer capacity (SEMI WFF),SRI International - SRI - Princeton,晶圆产能统计对象研发中试工厂,晶圆产能,研发中试工厂,统计对象,SEMI_WFF_2026_1Q.xlsx#Company Detail
SUNY Polytechnic Institute - NanoFab Reflection (NRF) (NSTC - National Semiconductor Technology Center) current wafer capacity (SEMI WFF),SUNY Polytechnic Institute - NanoFab Reflection (NRF) (NSTC - National Semiconductor Technology Center),晶圆产能统计对象研发中试工厂,晶圆产能,研发中试工厂,统计对象,SEMI_WFF_2026_1Q.xlsx#Company Detail
SUNY Polytechnic Institute - NanoFab North (NFN) current wafer capacity (SEMI WFF),SUNY Polytechnic Institute - NanoFab North (NFN),晶圆产能统计对象研发中试工厂,晶圆产能,研发中试工厂,统计对象,SEMI_WFF_2026_1Q.xlsx#Company Detail
SUNY Polytechnic Institute - NanoFab 200 (CESTM) current wafer capacity (SEMI WFF),SUNY Polytechnic Institute - NanoFab 200 (CESTM),晶圆产能统计对象研发中试工厂,晶圆产能,研发中试工厂,统计对象,SEMI_WFF_2026_1Q.xlsx#Company Detail
SUNY Polytechnic Institute - NanoFab South Annex (NFS-Annex) current wafer capacity (SEMI WFF),SUNY Polytechnic Institute - NanoFab South Annex (NFS-Annex),晶圆产能统计对象研发中试工厂,晶圆产能,研发中试工厂,统计对象,SEMI_WFF_2026_1Q.xlsx#Company Detail
SUNY Polytechnic Institute - NanoFab South (NFS) current wafer capacity (SEMI WFF),SUNY Polytechnic Institute - NanoFab South (NFS),晶圆产能统计对象研发中试工厂,晶圆产能,研发中试工厂,统计对象,SEMI_WFF_2026_1Q.xlsx#Company Detail
SUNY Polytechnic Institute - NanoFab Xtension (NFX) current wafer capacity (SEMI WFF),SUNY Polytechnic Institute - NanoFab Xtension (NFX),晶圆产能统计对象研发中试工厂,晶圆产能,研发中试工厂,统计对象,SEMI_WFF_2026_1Q.xlsx#Company Detail
SUNY Polytechnic Institute - NanoFab North (NFN) - SiC Line current wafer capacity (SEMI WFF),SUNY Polytechnic Institute - NanoFab North (NFN) - SiC Line,晶圆产能统计对象研发中试工厂,晶圆产能,研发中试工厂,统计对象,SEMI_WFF_2026_1Q.xlsx#Company Detail
SUNY Polytechnic Institute - NanoFab Central (NFC) current wafer capacity (SEMI WFF),SUNY Polytechnic Institute - NanoFab Central (NFC),晶圆产能统计对象研发中试工厂,晶圆产能,研发中试工厂,统计对象,SEMI_WFF_2026_1Q.xlsx#Company Detail
Suzhou Etern-Laser - Suzhou current wafer capacity (SEMI WFF),Suzhou Etern-Laser - Suzhou,晶圆产能统计对象研发中试工厂,晶圆产能,研发中试工厂,统计对象,SEMI_WFF_2026_1Q.xlsx#Company Detail
Texas Instruments - DHC (Dallas Heater Chip) Line current wafer capacity (SEMI WFF),Texas Instruments - DHC (Dallas Heater Chip) Line,晶圆产能统计对象研发中试工厂,晶圆产能,研发中试工厂,统计对象,SEMI_WFF_2026_1Q.xlsx#Company Detail
Texas Instruments - DMOS 6 300mm GaN Pilot Line current wafer capacity (SEMI WFF),Texas Instruments - DMOS 6 300mm GaN Pilot Line,晶圆产能统计对象研发中试工厂,晶圆产能,研发中试工厂,统计对象,SEMI_WFF_2026_1Q.xlsx#Company Detail
TNO - Photonic Chip Pilot Line current wafer capacity (SEMI WFF),TNO - Photonic Chip Pilot Line,晶圆产能统计对象研发中试工厂,晶圆产能,研发中试工厂,统计对象,SEMI_WFF_2026_1Q.xlsx#Company Detail
Toshiba (TDSC) - Kaga R&D building current wafer capacity (SEMI WFF),Toshiba (TDSC) - Kaga R&D building,晶圆产能统计对象研发中试工厂,晶圆产能,研发中试工厂,统计对象,SEMI_WFF_2026_1Q.xlsx#Company Detail
TSMC - Fab 12 Phase 6 (was Vanguard site) current wafer capacity (SEMI WFF),TSMC - Fab 12 Phase 6 (was Vanguard site),晶圆产能统计对象研发中试工厂,晶圆产能,研发中试工厂,统计对象,SEMI_WFF_2026_1Q.xlsx#Company Detail
TSMC - Fab 12 Phase 9 (was R2) current wafer capacity (SEMI WFF),TSMC - Fab 12 Phase 9 (was R2),晶圆产能统计对象研发中试工厂,晶圆产能,研发中试工厂,统计对象,SEMI_WFF_2026_1Q.xlsx#Company Detail
TSMC - Fab 12 Phase 8 (was R1) current wafer capacity (SEMI WFF),TSMC - Fab 12 Phase 8 (was R1),晶圆产能统计对象研发中试工厂,晶圆产能,研发中试工厂,统计对象,SEMI_WFF_2026_1Q.xlsx#Company Detail
TSMC - Japan Tsukuba 3D IC R&D Center current wafer capacity (SEMI WFF),TSMC - Japan Tsukuba 3D IC R&D Center,晶圆产能统计对象研发中试工厂,晶圆产能,研发中试工厂,统计对象,SEMI_WFF_2026_1Q.xlsx#Company Detail
TSMC - Arizona R&D Center current wafer capacity (SEMI WFF),TSMC - Arizona R&D Center,晶圆产能统计对象研发中试工厂,晶圆产能,研发中试工厂,统计对象,SEMI_WFF_2026_1Q.xlsx#Company Detail
University - Alberta - nanoFAB current wafer capacity (SEMI WFF),University - Alberta - nanoFAB,晶圆产能统计对象研发中试工厂,晶圆产能,研发中试工厂,统计对象,SEMI_WFF_2026_1Q.xlsx#Company Detail
University - Arizona State University - CSSR current wafer capacity (SEMI WFF),University - Arizona State University - CSSR,晶圆产能统计对象研发中试工厂,晶圆产能,研发中试工厂,统计对象,SEMI_WFF_2026_1Q.xlsx#Company Detail
University - Bilkent (Ankara) - UNAM cleanroom facility (UCF) current wafer capacity (SEMI WFF),University - Bilkent (Ankara) - UNAM cleanroom facility (UCF),晶圆产能统计对象研发中试工厂,晶圆产能,研发中试工厂,统计对象,SEMI_WFF_2026_1Q.xlsx#Company Detail
"University - Cardiff University, School of Physics and Astronomy - Optoelectronics Cleanroom current wafer capacity (SEMI WFF)","University - Cardiff University, School of Physics and Astronomy - Optoelectronics Cleanroom",晶圆产能统计对象研发中试工厂,晶圆产能,研发中试工厂,统计对象,SEMI_WFF_2026_1Q.xlsx#Company Detail
"University - Carnegie Mellon University - MEMS Lab not cleanroom, lab of ECE dept current wafer capacity (SEMI WFF)","University - Carnegie Mellon University - MEMS Lab not cleanroom, lab of ECE dept",晶圆产能统计对象研发中试工厂,晶圆产能,研发中试工厂,统计对象,SEMI_WFF_2026_1Q.xlsx#Company Detail
University - Carnegie Mellon University - Nanofabrication Facility current wafer capacity (SEMI WFF),University - Carnegie Mellon University - Nanofabrication Facility,晶圆产能统计对象研发中试工厂,晶圆产能,研发中试工厂,统计对象,SEMI_WFF_2026_1Q.xlsx#Company Detail
University - Chalmers University of Technology - MC2 current wafer capacity (SEMI WFF),University - Chalmers University of Technology - MC2,晶圆产能统计对象研发中试工厂,晶圆产能,研发中试工厂,统计对象,SEMI_WFF_2026_1Q.xlsx#Company Detail
University - Cornell University - CNF at Duffield Hall current wafer capacity (SEMI WFF),University - Cornell University - CNF at Duffield Hall,晶圆产能统计对象研发中试工厂,晶圆产能,研发中试工厂,统计对象,SEMI_WFF_2026_1Q.xlsx#Company Detail
University - Inter Semiconductor Research Center (ISRC) - ISRC current wafer capacity (SEMI WFF),University - Inter Semiconductor Research Center (ISRC) - ISRC,晶圆产能统计对象研发中试工厂,晶圆产能,研发中试工厂,统计对象,SEMI_WFF_2026_1Q.xlsx#Company Detail
University - Louisiana State University - N/A current wafer capacity (SEMI WFF),University - Louisiana State University - N/A,晶圆产能统计对象研发中试工厂,晶圆产能,研发中试工厂,统计对象,SEMI_WFF_2026_1Q.xlsx#Company Detail
University - Meiji University - Nano Technology Lab current wafer capacity (SEMI WFF),University - Meiji University - Nano Technology Lab,晶圆产能统计对象研发中试工厂,晶圆产能,研发中试工厂,统计对象,SEMI_WFF_2026_1Q.xlsx#Company Detail
University - MIT (Massachusetts Institute of Technology) - MTL-Integrated Circuits Laboratory (ICL) current wafer capacity (SEMI WFF),University - MIT (Massachusetts Institute of Technology) - MTL-Integrated Circuits Laboratory (ICL),晶圆产能统计对象研发中试工厂,晶圆产能,研发中试工厂,统计对象,SEMI_WFF_2026_1Q.xlsx#Company Detail
University - MIT (Massachusetts Institute of Technology) - MTL-Technology Research Laboratory (TRL) current wafer capacity (SEMI WFF),University - MIT (Massachusetts Institute of Technology) - MTL-Technology Research Laboratory (TRL),晶圆产能统计对象研发中试工厂,晶圆产能,研发中试工厂,统计对象,SEMI_WFF_2026_1Q.xlsx#Company Detail
University - MIT (Massachusetts Institute of Technology) - MTL-Exploratory Materials Lab (EML) current wafer capacity (SEMI WFF),University - MIT (Massachusetts Institute of Technology) - MTL-Exploratory Materials Lab (EML),晶圆产能统计对象研发中试工厂,晶圆产能,研发中试工厂,统计对象,SEMI_WFF_2026_1Q.xlsx#Company Detail
University - MIT (Massachusetts Institute of Technology) - Microelectronics Laboratory (ML) current wafer capacity (SEMI WFF),University - MIT (Massachusetts Institute of Technology) - Microelectronics Laboratory (ML),晶圆产能统计对象研发中试工厂,晶圆产能,研发中试工厂,统计对象,SEMI_WFF_2026_1Q.xlsx#Company Detail
University - MIT (Massachusetts Institute of Technology) - CSL-MIF (Compound Semiconductor Lab / Microelectronics IntegrationFacility) current wafer capacity (SEMI WFF),University - MIT (Massachusetts Institute of Technology) - CSL-MIF (Compound Semiconductor Lab / Microelectronics IntegrationFacility),晶圆产能统计对象研发中试工厂,晶圆产能,研发中试工厂,统计对象,SEMI_WFF_2026_1Q.xlsx#Company Detail
University - National Research University of Electronic Technology - MIET - MIET National Research University of Electronic Technology current wafer capacity (SEMI WFF),University - National Research University of Electronic Technology - MIET - MIET National Research University of Electronic Technology,晶圆产能统计对象研发中试工厂,晶圆产能,研发中试工厂,统计对象,SEMI_WFF_2026_1Q.xlsx#Company Detail
University - Penn State - Nanofab current wafer capacity (SEMI WFF),University - Penn State - Nanofab,晶圆产能统计对象研发中试工厂,晶圆产能,研发中试工厂,统计对象,SEMI_WFF_2026_1Q.xlsx#Company Detail
University - Politecnico di Milano - PoliFab 150mm (micro and nano technology center) current wafer capacity (SEMI WFF),University - Politecnico di Milano - PoliFab 150mm (micro and nano technology center),晶圆产能统计对象研发中试工厂,晶圆产能,研发中试工厂,统计对象,SEMI_WFF_2026_1Q.xlsx#Company Detail
University - Politecnico di Milano - Research Center for Advanced Sensors current wafer capacity (SEMI WFF),University - Politecnico di Milano - Research Center for Advanced Sensors,晶圆产能统计对象研发中试工厂,晶圆产能,研发中试工厂,统计对象,SEMI_WFF_2026_1Q.xlsx#Company Detail
University - Purdue - Scifres Nanofabrication Laboratory (SNL) current wafer capacity (SEMI WFF),University - Purdue - Scifres Nanofabrication Laboratory (SNL),晶圆产能统计对象研发中试工厂,晶圆产能,研发中试工厂,统计对象,SEMI_WFF_2026_1Q.xlsx#Company Detail
University - Ritsumeikan University - 研发 current wafer capacity (SEMI WFF),University - Ritsumeikan University - 研发,晶圆产能统计对象研发中试工厂,晶圆产能,研发中试工厂,统计对象,SEMI_WFF_2026_1Q.xlsx#Company Detail
University - Stanford University - SNF (Stanford Nanofabrication Facility) current wafer capacity (SEMI WFF),University - Stanford University - SNF (Stanford Nanofabrication Facility),晶圆产能统计对象研发中试工厂,晶圆产能,研发中试工厂,统计对象,SEMI_WFF_2026_1Q.xlsx#Company Detail
University - Technical University of Braunschweig - N/A current wafer capacity (SEMI WFF),University - Technical University of Braunschweig - N/A,晶圆产能统计对象研发中试工厂,晶圆产能,研发中试工厂,统计对象,SEMI_WFF_2026_1Q.xlsx#Company Detail
University - Technical University of Denmark - Danchip current wafer capacity (SEMI WFF),University - Technical University of Denmark - Danchip,晶圆产能统计对象研发中试工厂,晶圆产能,研发中试工厂,统计对象,SEMI_WFF_2026_1Q.xlsx#Company Detail
University - Tohoku University - Center for Integrated NanoTechnology Support current wafer capacity (SEMI WFF),University - Tohoku University - Center for Integrated NanoTechnology Support,晶圆产能统计对象研发中试工厂,晶圆产能,研发中试工厂,统计对象,SEMI_WFF_2026_1Q.xlsx#Company Detail
University - Tohoku University - GINTI current wafer capacity (SEMI WFF),University - Tohoku University - GINTI,晶圆产能统计对象研发中试工厂,晶圆产能,研发中试工厂,统计对象,SEMI_WFF_2026_1Q.xlsx#Company Detail
University - Tsing Hua University - N/A current wafer capacity (SEMI WFF),University - Tsing Hua University - N/A,晶圆产能统计对象研发中试工厂,晶圆产能,研发中试工厂,统计对象,SEMI_WFF_2026_1Q.xlsx#Company Detail
University - Vanderbilt University - VINSE (Vanderbilt Institute of Nanoscale Science and Engineering) current wafer capacity (SEMI WFF),University - Vanderbilt University - VINSE (Vanderbilt Institute of Nanoscale Science and Engineering),晶圆产能统计对象研发中试工厂,晶圆产能,研发中试工厂,统计对象,SEMI_WFF_2026_1Q.xlsx#Company Detail
University of Adelaide - N/A current wafer capacity (SEMI WFF),University of Adelaide - N/A,晶圆产能统计对象研发中试工厂,晶圆产能,研发中试工厂,统计对象,SEMI_WFF_2026_1Q.xlsx#Company Detail
University of California at Berkeley - Marvell Nanolab current wafer capacity (SEMI WFF),University of California at Berkeley - Marvell Nanolab,晶圆产能统计对象研发中试工厂,晶圆产能,研发中试工厂,统计对象,SEMI_WFF_2026_1Q.xlsx#Company Detail
University of Colorado - ECE Dept current wafer capacity (SEMI WFF),University of Colorado - ECE Dept,晶圆产能统计对象研发中试工厂,晶圆产能,研发中试工厂,统计对象,SEMI_WFF_2026_1Q.xlsx#Company Detail
University of Glasgow - James Watt Nanofabrication Centre current wafer capacity (SEMI WFF),University of Glasgow - James Watt Nanofabrication Centre,晶圆产能统计对象研发中试工厂,晶圆产能,研发中试工厂,统计对象,SEMI_WFF_2026_1Q.xlsx#Company Detail
University of Illinois at Urbana-Champaign - Nano Lab - ECE Illinois current wafer capacity (SEMI WFF),University of Illinois at Urbana-Champaign - Nano Lab - ECE Illinois,晶圆产能统计对象研发中试工厂,晶圆产能,研发中试工厂,统计对象,SEMI_WFF_2026_1Q.xlsx#Company Detail
University of Michigan - LNF (Lurie Nanofabrication Facility) current wafer capacity (SEMI WFF),University of Michigan - LNF (Lurie Nanofabrication Facility),晶圆产能统计对象研发中试工厂,晶圆产能,研发中试工厂,统计对象,SEMI_WFF_2026_1Q.xlsx#Company Detail
University of Minnesota - Nanofabrication Center current wafer capacity (SEMI WFF),University of Minnesota - Nanofabrication Center,晶圆产能统计对象研发中试工厂,晶圆产能,研发中试工厂,统计对象,SEMI_WFF_2026_1Q.xlsx#Company Detail
University of Notre Dame - NDNF (Notre Dame Nanofab Facility) current wafer capacity (SEMI WFF),University of Notre Dame - NDNF (Notre Dame Nanofab Facility),晶圆产能统计对象研发中试工厂,晶圆产能,研发中试工厂,统计对象,SEMI_WFF_2026_1Q.xlsx#Company Detail
University of Nottingham - Clean Room current wafer capacity (SEMI WFF),University of Nottingham - Clean Room,晶圆产能统计对象研发中试工厂,晶圆产能,研发中试工厂,统计对象,SEMI_WFF_2026_1Q.xlsx#Company Detail
University of Princeton - Micro/Nano Fabrication Laboratory current wafer capacity (SEMI WFF),University of Princeton - Micro/Nano Fabrication Laboratory,晶圆产能统计对象研发中试工厂,晶圆产能,研发中试工厂,统计对象,SEMI_WFF_2026_1Q.xlsx#Company Detail
University of Texas at Dallas - Cleanroom Research Laboratory current wafer capacity (SEMI WFF),University of Texas at Dallas - Cleanroom Research Laboratory,晶圆产能统计对象研发中试工厂,晶圆产能,研发中试工厂,统计对象,SEMI_WFF_2026_1Q.xlsx#Company Detail
University of Tokyo - NANOBIC current wafer capacity (SEMI WFF),University of Tokyo - NANOBIC,晶圆产能统计对象研发中试工厂,晶圆产能,研发中试工厂,统计对象,SEMI_WFF_2026_1Q.xlsx#Company Detail
University of Trondheim - NTNU NanoLab current wafer capacity (SEMI WFF),University of Trondheim - NTNU NanoLab,晶圆产能统计对象研发中试工厂,晶圆产能,研发中试工厂,统计对象,SEMI_WFF_2026_1Q.xlsx#Company Detail
University of Wisconsin - ECE Dept current wafer capacity (SEMI WFF),University of Wisconsin - ECE Dept,晶圆产能统计对象研发中试工厂,晶圆产能,研发中试工厂,统计对象,SEMI_WFF_2026_1Q.xlsx#Company Detail
VTT - S/C Lab current wafer capacity (SEMI WFF),VTT - S/C Lab,晶圆产能统计对象研发中试工厂,晶圆产能,研发中试工厂,统计对象,SEMI_WFF_2026_1Q.xlsx#Company Detail
Xian Power Electronics Research Institute (PERI) - N/A current wafer capacity (SEMI WFF),Xian Power Electronics Research Institute (PERI) - N/A,晶圆产能统计对象研发中试工厂,晶圆产能,研发中试工厂,统计对象,SEMI_WFF_2026_1Q.xlsx#Company Detail
Yangzhou Zhongke Semiconductor Lighting Center Co. Ltd - Lighting center current wafer capacity (SEMI WFF),Yangzhou Zhongke Semiconductor Lighting Center Co. Ltd - Lighting center,晶圆产能统计对象研发中试工厂,晶圆产能,研发中试工厂,统计对象,SEMI_WFF_2026_1Q.xlsx#Company Detail
YES PowerTechnix (YEST) - Research/Manufacturing Center 6-inch line current wafer capacity (SEMI WFF),YES PowerTechnix (YEST) - Research/Manufacturing Center 6-inch line,晶圆产能统计对象研发中试工厂,晶圆产能,研发中试工厂,统计对象,SEMI_WFF_2026_1Q.xlsx#Company Detail
Zhuzhou CRRC Times Electric - 6-inch SiC Line current wafer capacity (SEMI WFF),Zhuzhou CRRC Times Electric - 6-inch SiC Line,晶圆产能统计对象研发中试工厂,晶圆产能,研发中试工厂,统计对象,SEMI_WFF_2026_1Q.xlsx#Company Detail
